"City","State","Airport","Peak.Longitude","Peak.Latitude","Total.Strikes","Peak.Strikes","Peak.pct","First.Day","Last.Day","Longitude.Ave","Longitude.SD","Latitude.Ave","Latitude.SD"
"ANCHORAGE","AK","ANC",-149.909,61.187,26,8.98736451303406,0.345667865885925,"2011-05-29","2020-11-26",-149.878367529994,0.235748158826256,61.2389154250548,0.131994679025343
"AUBURN","AL",NA,-85.274,32.629,13,14.5232169307159,1.11717053313199,"2011-09-23","2021-01-23",-85.2493079657722,0.476416723085124,32.62528699713,0.0852653512437144
"BIRMINGHAM","AL","BHM",-86.825,33.528,71,5.35487119537881,0.0754207210616734,"2011-01-15","2020-12-01",-86.7199415594737,0.226399346058646,33.6022465787848,0.210084329542633
"CULLMAN","AL","CMD",-86.681,34.274,9,24.9618927340711,2.77354363711901,"2014-06-25","2020-11-13",-86.7507049682426,0.118848493029687,34.2900016436215,0.0550072224390768
"DOTHAN","AL","DHN",-85.355,31.207,11,10.8416295756221,0.985602688692916,"2012-04-16","2021-01-25",-85.3712604568516,0.195366124082582,31.3078369112995,0.153373769054744
"GADSDEN","AL","GAD",-86.07,34.05,29,4.07821986654907,0.140628271260313,"2012-11-12","2020-09-21",-86.0793160502636,0.231608491728179,34.1531782765743,0.286558424998569
"HUNTSVILLE","AL","HSV",-86.726,34.804,108,4.46715870636292,0.0413625806144715,"2011-02-21","2021-01-12",-86.774038706699,0.204849560870883,34.7009605267674,0.207383501632408
"MOBILE","AL","BFM",-88.283,30.635,75,8.27202397303676,0.110293652973824,"2011-08-26","2020-12-22",-88.1973985007776,0.217310742236129,30.7074117102505,0.189845432180686
"MONTGOMERY","AL","MGM",-86.433,32.361,25,5.51580701344321,0.220632280537728,"2016-02-25","2020-12-16",-86.4090570683338,0.316640388009277,32.4864708436498,0.211664980502661
"MUSCLE SHOALS","AL","MSL",-87.653,34.816,13,2.08835694539604,0.160642841953541,"2013-06-05","2020-12-21",-87.7287079905916,0.276972030444519,34.8265634730525,0.263645172872145
"FORT SMITH","AR","FSM",-94.424,35.322,45,17.3576001460708,0.385724447690463,"2013-07-27","2020-11-07",-94.3480997133205,0.244039375769646,35.3303640974223,0.149543086261095
"HARRISON","AR","HRO",-92.852,36.266,13,8.00548077640942,0.615806213569956,"2014-07-22","2020-10-11",-92.8101404670572,0.424339610062982,36.2134775676421,0.181340909772057
"LITTLE ROCK","AR","LIT",-92.068,34.836,60,1.54047160954098,0.025674526825683,"2011-01-07","2021-01-14",-92.2749953599502,0.436810508796117,34.9036889732122,0.354518439875595
"TEXARKANA","AR","TXK",-94.055,33.417,23,1.64810878111075,0.0716569035265543,"2011-01-06","2021-01-16",-94.1291349596427,0.366856378694176,33.447622488851,0.342412493716119
"WALNUT RIDGE","AR","ARG",-90.869,35.866,14,0.738897817557909,0.0527784155398506,"2013-05-10","2020-08-21",-90.9974375825545,0.62153303542912,36.086597572164,0.329995997236204
"CHANDLER","AZ","CHD",-111.816,33.231,16,103.196185592598,6.44976159953737,"2011-02-04","2020-10-12",-111.802022144626,0.0559461451414031,33.2508555337313,0.0322369716126612
"FLAGSTAFF","AZ","FLG",-111.636,35.209,14,3.2388854718583,0.231348962275593,"2011-12-21","2020-10-22",-111.684537702242,0.186974194485174,35.0023195765539,0.27855655073882
"GLENDALE","AZ","GEU",-112.311,33.518,10,13.986391233612,1.3986391233612,"2011-11-10","2020-11-21",-112.320545964747,0.136315941153211,33.5831303079369,0.0910086586485972
"GOODYEAR","AZ","GYR",-112.31,33.489,10,23.9308509223142,2.39308509223142,"2014-03-07","2021-01-03",-112.260988100793,0.336625440486845,33.4851832263278,0.295182012149636
"MESA","AZ","FFZ",-111.724,33.454,29,50.3215841942988,1.73522704118272,"2011-01-25","2021-01-13",-111.717955534236,0.0659178900104917,33.4371496352704,0.0516049752801822
"PHOENIX","AZ","PHX",-112.088,33.492,1299,5.30513185318326,0.00408401220414416,"2011-01-22","2021-01-22",-112.002969943218,0.224763979955773,33.4910219886916,0.17338063936183
"PRESCOTT","AZ","PRC",-112.449,34.584,33,11.2723322519504,0.34158582581668,"2011-04-22","2020-12-01",-112.379008209066,0.171851297081745,34.6659007076293,0.162565903844256
"SCOTTSDALE","AZ","SDL",-111.961,33.663,44,48.9401186759651,1.11227542445375,"2011-07-20","2020-12-29",-111.949540036184,0.0579946008263023,33.625592842482,0.0638565995406096
"TUCSON","AZ","TUS",-110.989,32.14,403,18.9436576780324,0.0470065947345718,"2011-01-18","2021-01-18",-111.041314199956,0.198939443844664,32.2209433152672,0.13666407077998
"YUMA","AZ","NYL",-114.686,32.695,95,15.5390902972172,0.163569371549655,"2011-03-12","2021-01-27",-114.680920085422,0.149091447702629,32.6746861121838,0.135591995404919
"ATWATER","CA","MER",-120.538,37.35,14,106.664440839606,7.61888863140044,"2013-08-24","2019-11-21",-120.534218616058,0.0418298365230303,37.3645991137653,0.0599087522258571
"BAKERSFIELD","CA","BFL",-118.998,35.394,183,30.8084313688817,0.16835208398296,"2011-01-07","2021-01-16",-118.988681415488,0.142012181452223,35.3688562774832,0.107017990305241
"BLYTHE","CA","BLH",-114.571,33.674,16,10.7350465335046,0.670940408344038,"2011-06-02","2021-01-01",-114.61818758326,0.232574393434593,33.619766490004,0.114233009378758
"BURBANK","CA","BUR",-118.419,34.214,173,48.5275204129681,0.280505898340856,"2011-01-16","2021-01-04",-118.378765928755,0.0916398978212396,34.198368879225,0.0650830422195787
"CAMARILLO","CA","CMA",-119.139,34.211,39,78.4522534439316,2.01159624215209,"2011-10-27","2021-01-26",-119.115511596118,0.151216259000794,34.215655272123,0.0500870632084355
"CARLSBAD","CA","CRQ",-117.287,33.16,29,26.2892315446464,0.906525225677463,"2011-07-05","2021-01-19",-117.273131358164,0.113386532961709,33.1769735841789,0.113115322248581
"CHICO","CA","CIC",-121.749,39.735,14,5.36327929764553,0.383091378403252,"2013-10-26","2020-12-31",-121.646360426738,0.209153712399243,39.7014458404983,0.165118511459769
"CHINO","CA","CNO",-117.628,33.637,16,4465.15946473842,279.072466546151,"2013-03-17","2020-10-27",-117.587122833466,0.104762938913184,33.9396822265488,0.180829548528777
"CONCORD","CA","CCR",-122.063,37.97,45,21.5990952665226,0.479979894811614,"2011-03-05","2020-11-04",-122.020935870799,0.126701197869022,37.9950510558179,0.079547414246924
"DAVIS","CA","DMA",-121.77,38.579,12,81.5738709132959,6.797822576108,"2011-10-20","2019-08-13",-121.783347866757,0.0922247529427537,38.5744061974606,0.0562435262739352
"EL MONTE","CA","EMT",-118.014,34.094,56,33.2110289109849,0.593054087696158,"2011-01-22","2021-01-05",-118.042002956357,0.0922000296165137,34.0658270122628,0.0591809749781635
"FAIRFIELD","CA","SUU",-121.969,38.361,28,10.0992026481989,0.360685808864247,"2011-08-21","2020-12-01",-121.959635016954,0.140998145422275,38.2941164485995,0.0972159816017538
"FRESNO","CA","FAT",-119.714,36.718,171,10.3289127912835,0.060402998779436,"2011-06-25","2021-01-10",-119.655505419027,0.238227678129994,36.7364696072509,0.122861194978816
"FULLERTON","CA","FUL",-117.981,33.847,21,53.9623235168809,2.5696344531848,"2012-11-21","2021-01-06",-117.959893945264,0.0815348291486846,33.8693617468106,0.0451374699235603
"HAWTHORNE","CA","HHR",-118.294,33.909,10,98.331911660505,9.8331911660505,"2011-01-14","2020-05-25",-118.301294135245,0.0518350319961602,33.9313014636718,0.0559746930992938
"HAYWARD","CA","HWD",-122.066,37.6,35,120.665902585532,3.44759721672949,"2011-01-06","2020-12-19",-122.090662758369,0.0650514822930703,37.6584764173449,0.0305019542579908
"IMPERIAL","CA","IPL",-115.527,32.814,40,9.01480808059106,0.225370202014777,"2013-05-22","2020-06-14",-115.699715654502,0.379251021726538,32.7805134387886,0.24011345373529
"LA VERNE","CA","POC",-117.842,34.131,8,63.8413365853901,7.98016707317376,"2015-02-28","2018-11-27",-117.828321717206,0.054095645529199,34.0789816721875,0.056949739132632
"LANCASTER","CA","WJF",-118.166,34.763,13,71.0165352723385,5.4628104055645,"2014-12-10","2020-11-18",-118.199486112082,0.050673531221081,34.7495976125049,0.0548617045276631
"LIVERMORE","CA","LVK",-121.743,37.754,29,30.802053099596,1.06213976205504,"2011-04-07","2020-12-23",-121.757607317826,0.161911456002117,37.7062088716768,0.0774862615019622
"LONG BEACH","CA","LGB",-118.138,33.811,137,48.9382205713434,0.357213288841923,"2011-01-07","2021-01-19",-118.14142554038,0.0917377211499479,33.8042354085818,0.0589928109499076
"LOS ALAMITOS","CA","",-117.971,33.792,107,13.2512054582302,0.123843041665702,"2011-03-10","2021-01-06",-117.997816005499,0.121096753009783,33.7712128241086,0.102632555736106
"LOS ANGELES","CA","LAX",-118.356,33.935,935,19.8404573431213,0.0212197404739265,"2011-01-01","2021-01-18",-118.230585065608,0.230462561526871,33.9853953118546,0.115308111852452
"MARYSVILLE","CA","MYV",-121.591,39.129,34,29.9298943475897,0.880291010223226,"2012-01-06","2020-09-20",-121.560633514432,0.319399095091439,39.1282096330022,0.133546004094725
"MERCED","CA","MCE",-120.533,37.31,30,13.6528391185888,0.455094637286295,"2011-08-01","2020-12-07",-120.579312549509,0.168299575122357,37.2858137242166,0.12897552429343
"MODESTO","CA","MOD",-120.941,37.645,166,10.9093150602795,0.0657187654233702,"2011-05-05","2021-01-16",-120.945308692156,0.268619755955527,37.6562635995986,0.133661660183461
"MONTEREY","CA","MRY",-121.837,36.626,23,59.4989340334548,2.5869101753676,"2011-01-25","2020-12-03",-121.862681579138,0.12463562336513,36.6412369539243,0.118839232279807
"MOUNTAIN VIEW","CA","NUQ",-122.057,37.416,12,33.4797488993881,2.78997907494901,"2015-02-10","2020-12-17",-122.00457000208,0.133187558371729,37.3552894374054,0.0987782224837255
"NAPA","CA","APC",-122.238,38.311,33,7.6022145747491,0.230370138628761,"2011-02-02","2020-11-18",-122.265329616194,0.153744364334364,38.2142069170666,0.120085337182227
"OAKLAND","CA","OAK",-122.043,37.708,477,21.7763891981223,0.0456528075432333,"2011-01-08","2021-01-26",-122.122192622356,0.171074079419252,37.740195952811,0.10788296071999
"OCEANSIDE","CA","OKB",-117.089,33.282,7,9.55264826654563,1.36466403807795,"2012-11-15","2016-12-18",-117.168946998742,0.117390893109511,33.3082670733839,0.177973450489677
"ONTARIO","CA","ONT",-117.435,34.046,334,30.7302931561708,0.0920068657370384,"2011-01-01","2021-01-28",-117.503950896855,0.159788109503168,34.0846840707569,0.111065529193668
"OXNARD","CA","OXR",-119.203,34.214,25,7.99095171015933,0.319638068406373,"2011-01-27","2020-08-20",-119.160956332246,0.182267915245438,34.1960180008446,0.114697099550661
"PALM SPRINGS","CA","PSP",-116.53,33.798,117,6.2637002362064,0.0535358994547556,"2011-07-12","2021-01-18",-116.494641729075,0.243477131915948,33.8299848804122,0.157437518157837
"PALMDALE","CA","PMD",-118.132,34.643,106,17.0803476983384,0.161135355644702,"2011-01-16","2021-01-07",-118.060370260807,0.27829574277564,34.6202794461367,0.128175694257492
"PALO ALTO","CA","PAO",-122.136,37.44,18,48.6155182004307,2.70086212224615,"2012-05-17","2020-11-19",-122.07571519632,0.11772164290305,37.448537049743,0.0479229582069968
"PLACERVILLE","CA","PVF",-120.912,38.728,9,6.0408333407207,0.671203704524522,"2011-05-27","2020-11-10",-120.89787351228,0.255918214153291,38.8072726559252,0.134593212873404
"POMONA","CA","POC",-117.84,34.014,25,22.0908897708926,0.883635590835704,"2011-02-10","2018-09-08",-117.766501929019,0.227105601774013,34.0420524237797,0.0813264499077546
"RED BLUFF","CA","RBL",-122.312,40.226,26,2.73132130405781,0.105050819386839,"2011-01-16","2021-01-18",-122.042440659594,0.695984601363953,40.0989884120312,0.389444624483425
"REDDING","CA","RDD",-122.254,40.43,22,19.2126710243784,0.873303228380835,"2012-04-06","2020-10-23",-122.295765346961,0.0822257755011236,40.4963327551132,0.0934495635712294
"RIVERSIDE","CA","RIV",-117.257,33.884,127,25.6802349869764,0.202206574700602,"2011-03-15","2021-01-05",-117.253235765546,0.115756582929444,33.8694637617019,0.0909558586683312
"SACRAMENTO","CA","SMF",-121.459,38.645,242,6.9532062032607,0.0287322570382674,"2011-02-09","2021-01-21",-121.465395309474,0.207048312021619,38.7083665145032,0.210702196524907
"SALINAS","CA","SNS",-121.867,36.85,163,8.46179645401513,0.0519128616810744,"2011-02-09","2021-01-15",-121.699450032383,0.187371136489796,36.7518882206149,0.154033254286242
"SAN BERNARDINO","CA","SBD",-117.294,34.059,62,18.8639200683686,0.304256775296267,"2011-11-02","2021-01-28",-117.250823775657,0.107239110035729,34.1238347600121,0.0955600686294087
"SAN CARLOS","CA","SQL",-122.199,37.503,10,117.230143910839,11.7230143910839,"2011-02-18","2018-12-03",-122.224760557883,0.0354756348080941,37.5069091606298,0.0407063634787492
"SAN DIEGO","CA","SAN",-117.088,32.722,417,21.061922055401,0.0505082063678681,"2011-01-12","2021-01-24",-117.067968505137,0.167480441064201,32.7395762483462,0.0901697613862193
"SAN FRANCISCO","CA","SFO",-122.075,37.612,370,22.4687795224821,0.0607264311418436,"2011-01-24","2021-01-05",-122.22430505021,0.21867100957699,37.5920064530349,0.144586457026031
"SAN JOSE","CA","SJC",-121.898,37.369,590,18.5132142219273,0.0313783291897074,"2011-01-01","2021-01-21",-121.823870859096,0.179472280516626,37.287702905996,0.132865895586392
"SAN LUIS OBISPO","CA","SBP",-120.67,35.217,24,5.96177596602685,0.248407331917785,"2011-03-13","2020-12-08",-120.577880835303,0.170351527696608,35.2085248853368,0.146075049562754
"SANTA ANA","CA","SNA",-117.873,33.716,215,31.8427137900096,0.148105645534928,"2011-01-25","2021-01-14",-117.871566532095,0.101583156932565,33.7179398464102,0.0921533120974602
"SANTA BARBARA","CA","SBA",-119.814,34.404,90,36.2435590709985,0.402706211899984,"2011-02-09","2021-01-27",-119.779576053636,0.121121668897558,34.406236072785,0.0673155140607658
"SANTA MARIA","CA","SMX",-120.448,34.909,19,25.7251247225715,1.35395393276692,"2012-04-07","2021-01-16",-120.421976040017,0.0983764368172187,34.9329074237798,0.074876380897898
"SANTA MONICA","CA","SMO",-118.352,34.031,86,31.900110995161,0.370931523199546,"2011-02-04","2020-11-30",-118.389183279514,0.157144303854851,34.0385190132955,0.0532747509378267
"SANTA ROSA","CA","STS",-122.65,38.4,79,7.59004634751239,0.0960765360444606,"2011-02-02","2020-12-22",-122.767232968089,0.183008835116125,38.5053902012335,0.185380126591642
"SAUSALITO","CA","JMC",-122.521,37.959,14,11.2536824525217,0.803834460894404,"2012-03-06","2020-01-22",-122.529198296056,0.148339719363827,37.9919734852584,0.185175037410589
"STOCKTON","CA","SCK",-121.185,37.845,65,7.23989539988661,0.111383006152102,"2012-01-06","2021-01-20",-121.260642470695,0.210257909837434,37.8748951726434,0.121942332925179
"TORRANCE","CA","TOA",-118.336,33.853,18,109.712405015443,6.09513361196905,"2012-04-06","2020-07-08",-118.326519814208,0.0439128002885361,33.800770428276,0.0695425599213556
"VICTORVILLE","CA","",-117.346,34.458,23,12.2757391650246,0.53372778978368,"2012-11-07","2020-11-18",-117.312087354239,0.162172273657354,34.5285546074777,0.119957572179249
"VISALIA","CA","VIS",-119.243,36.342,35,11.2787581840032,0.322250233828663,"2011-03-10","2020-12-08",-119.273942010706,0.156023157491349,36.3260847789924,0.0980944734558383
"WATSONVILLE","CA","WVI",-121.697,36.916,27,21.709217938317,0.804045108826557,"2011-12-01","2020-12-17",-121.798653286754,0.148784669939507,36.9552772702436,0.0572088630091187
"ALAMOSA","CO","ALS",-105.8,37.546,10,3.32909345083145,0.332909345083145,"2011-08-12","2020-11-01",-105.977426507371,0.296163840617411,37.5873285739072,0.298520686757
"AURORA","CO","BKF",-104.785,39.681,11,31.8539581127101,2.89581437388274,"2011-05-09","2018-03-11",-104.724890354182,0.080839569714604,39.6784658981894,0.0568067039465542
"COLORADO SPRINGS","CO","COS",-104.73,38.817,122,58.739412010464,0.481470590249705,"2011-04-06","2021-01-16",-104.712969524855,0.0932766171261034,38.796526407267,0.154589168029195
"CRAIG","CO","CRG",-107.475,40.441,14,37.7585107844947,2.69703648460677,"2011-08-22","2020-07-28",-107.530550921723,0.126568733435094,40.4360155258986,0.0565376964659646
"DENVER","CO","DEN",-104.966,39.656,779,5.21814220844007,0.0066985137463929,"2011-01-21","2021-01-20",-104.871206516298,0.237282163962602,39.8250726995769,0.239737667862566
"GRAND JUNCTION","CO","GJT",-108.517,39.071,27,28.6324738921095,1.06046199600405,"2011-07-31","2020-11-17",-108.435123552917,0.242178792823959,39.0853711950499,0.0895032594446241
"PUEBLO","CO","PUB",-104.639,38.255,76,11.379487021138,0.149730092383394,"2012-11-27","2021-01-21",-104.618296837699,0.220955233987682,38.2550642482025,0.176819101453362
"BRIDGEPORT","CT","BDR",-73.186,41.225,10,14.7151084984802,1.47151084984802,"2012-10-22","2020-07-05",-73.1620674169221,0.142466063651579,41.1977856047533,0.0825054126256268
"DANBURY","CT","DXR",-73.462,41.268,9,9.69197824525281,1.07688647169476,"2012-02-18","2020-11-23",-73.4948742069093,0.114073266036148,41.3790610877517,0.0979263293905963
"HARTFORD","CT","HFD",-72.702,41.755,43,7.82201959121874,0.181907432353924,"2011-03-04","2020-12-24",-72.669574029521,0.232467957097085,41.7861994511072,0.109057073283656
"NEW HAVEN","CT","HVN",-72.85,41.265,10,98.2575598568204,9.82575598568204,"2012-07-09","2020-11-18",-72.8453801924283,0.0572870264348846,41.2591991782797,0.0554596107212447
"WASHINGTON","DC","DCA",-77.002,38.849,259,3.90085350122086,0.0150612104294242,"2011-03-05","2021-01-10",-77.188940604255,0.300048340517429,38.8865774901099,0.197676180038829
"DOVER","DE","DOV",-75.455,39.053,25,7.00499033918198,0.280199613567279,"2011-04-22","2020-10-22",-75.5041473115856,0.17127725424442,39.028021573596,0.18099222682141
"WILMINGTON","DE","ILG",-75.677,39.698,21,12.9307169671132,0.61574842700539,"2012-05-16","2020-06-24",-75.6224906479417,0.136164419818504,39.6577947970617,0.0937310988555049
"BOCA RATON","FL","BTR",-80.176,26.323,51,54.2429851505149,1.06358794412774,"2011-06-17","2020-12-27",-80.1241265072302,0.0821412772778425,26.3645700330303,0.0694423740960297
"BROOKSVILLE","FL","BKV",-82.544,28.482,13,29.2201716010974,2.24770550777672,"2015-03-06","2020-07-24",-82.4897621547947,0.161425454633118,28.4487712981229,0.110319858396218
"CRESTVIEW","FL","CEW",-86.361,30.724,14,1.08357289492592,0.0773980639232799,"2011-07-22","2020-12-02",-86.4243902472695,0.578284266506148,30.8694430910401,0.297900439167578
"DAYTONA BEACH","FL","DAB",-80.997,29.18,209,102.873393867866,0.492217195540028,"2011-01-23","2020-12-17",-81.0281438499742,0.0793267662686889,29.2056119397926,0.122840639093992
"DESTIN","FL","DTS",-86.407,30.396,14,78.3264240295248,5.59474457353748,"2011-09-23","2020-10-13",-86.4603925392196,0.0934789017650389,30.3888549735084,0.0237215074072243
"FORT LAUDERDALE","FL","FLL",-80.222,26.064,317,20.8825804480571,0.0658756481011266,"2011-01-01","2021-01-01",-80.2097602224144,0.113747777877197,26.1165931898247,0.0834936442316682
"FORT MYERS","FL","RSW",-81.9,26.514,93,5.49637556368517,0.0591008125127438,"2011-04-10","2021-01-23",-81.7665784961297,0.203053888024573,26.5625376107689,0.190642872601143
"GAINESVILLE","FL","GNV",-82.249,29.816,26,4.20247772568839,0.161633758680323,"2011-09-01","2020-08-07",-82.2064089223311,0.199026459603356,29.662861590338,0.15836041439845
"JACKSONVILLE","FL","JAX",-81.74,30.482,129,5.55633599142965,0.0430723720265865,"2011-02-08","2020-12-30",-81.6393075826981,0.225028736333194,30.3973987785088,0.200390418654316
"LAKELAND","FL","LAL",-81.977,27.964,46,5.03448556453367,0.109445338359428,"2011-05-08","2020-12-13",-81.9639865735074,0.204736923533963,27.9181576098132,0.199923109200731
"LEESBURG","FL","LEESBURG",-81.934,28.923,24,16.6719404693434,0.694664186222642,"2011-11-20","2020-07-10",-81.8429863217242,0.112205124721913,28.8575277059232,0.0883176664178174
"MELBOURNE","FL","MLB",-80.62,28.036,59,23.2754824082597,0.39449970183491,"2011-02-12","2021-01-26",-80.6554329941507,0.109891886161865,28.1086649093527,0.164110505267039
"MIAMI","FL","MIA",-80.237,25.823,548,25.9789534923487,0.0474068494385926,"2011-01-06","2021-01-27",-80.2735452317976,0.10103341041231,25.8078392309101,0.0920484894271094
"NAPLES","FL","APF",-81.654,26.231,10,31.7169893727223,3.17169893727223,"2014-02-10","2020-12-04",-81.6870723219595,0.0763807340069982,26.196278946016,0.080518265745867
"NEW SMYRNA BEACH","FL","EVB",-80.916,29.039,11,43.2289426585715,3.92990387805196,"2013-04-19","2020-11-03",-80.9563333895069,0.0569521504744338,29.0179117046563,0.0771178315288963
"OCALA","FL","OCF",-82.112,29.042,28,11.9694921213882,0.427481861478149,"2011-07-06","2020-12-04",-82.1941633077864,0.134436671054555,29.0986866838122,0.170762913784689
"ORLANDO","FL","MCO",-81.323,28.486,418,8.63314853813105,0.0206534654022274,"2011-01-01","2021-01-03",-81.3274756495037,0.170226522953842,28.5047154735552,0.19662767136373
"ORMOND BEACH","FL","OMN",-81.105,29.323,49,23.7584741751164,0.484866819900335,"2011-03-03","2020-09-10",-81.1144581164899,0.19377498201586,29.3485441388221,0.229872185983226
"PALM COAST","FL","FIN",-81.136,29.526,10,56.3945815651907,5.63945815651907,"2011-12-09","2020-10-15",-81.1564536264544,0.0464434253667984,29.4982198167872,0.0641717117531222
"PANAMA CITY","FL","ECP",-85.721,30.227,12,3.19277750095011,0.266064791745842,"2017-06-30","2021-01-05",-85.7593031491939,0.147933304198413,30.391786033675,0.306032429600382
"PENSACOLA","FL","PNS",-87.314,30.572,65,10.033893570183,0.154367593387431,"2012-02-17","2021-01-04",-87.2805866349475,0.187674735858703,30.4844095393561,0.124116058099039
"POMPANO BEACH","FL","PMP",-80.122,26.297,14,60.2362763221668,4.30259116586906,"2011-03-10","2020-07-13",-80.1180788793507,0.0567886499011909,26.2672352150099,0.0420222138612922
"PUNTA GORDA","FL","PGD",-82.066,27.006,13,23.9363404143329,1.84125695494868,"2015-02-16","2021-01-10",-82.016929933923,0.136601144386849,26.9842916354307,0.135844362133482
"ST AUGUSTINE","FL","SGJ",-81.416,29.84,16,12.3141482521069,0.769634265756681,"2013-07-02","2020-04-27",-81.4070588528049,0.136431083581737,29.8810082417188,0.0979787661095517
"ST PETERSBURG","FL","PIE",-82.737,27.723,17,9.5190121046088,0.5599418885064,"2011-04-07","2020-10-19",-82.6931338176552,0.126838638960327,27.7962316027826,0.142001704985366
"STUART","FL","SUA",-80.265,27.282,12,31.8862027221072,2.6571835601756,"2014-01-05","2019-07-29",-80.3049969709004,0.0719544313159323,27.2372739190648,0.104001959118205
"TAMPA","FL","TPA",-82.452,27.983,179,15.516052243641,0.0866818561097264,"2011-01-01","2021-01-03",-82.5021732133632,0.137385025562654,28.03332727641,0.151364727464251
"TITUSVILLE","FL","TTS",-80.8,28.512,13,19.5544826729276,1.50419097484059,"2011-03-12","2021-01-04",-80.7768395741395,0.0806680386564291,28.549386480551,0.106620345913921
"VERO BEACH","FL","VRB",-80.44,27.66,15,49.9206439970347,3.32804293313564,"2011-12-28","2018-06-27",-80.4427804352218,0.0625653891037102,27.637482588453,0.0892711756773326
"WEST PALM BEACH","FL","PBI",-80.136,26.626,160,13.9137408006622,0.0869608800041386,"2011-03-08","2021-01-01",-80.139883126003,0.152760956814337,26.712963994955,0.163073469426107
"ALBANY","GA","ABY",-84.181,31.602,10,6.99504345560941,0.699504345560942,"2011-11-01","2020-06-16",-84.2183460448153,0.252412662674896,31.4966973052277,0.21955113955286
"ATHENS","GA","AHN",-83.226,33.983,11,2.44369507574669,0.222154097795154,"2012-10-03","2020-11-15",-83.3437641202788,0.327180944366742,34.046534944034,0.24588192550856
"ATLANTA","GA","ATL",-84.44,33.607,431,1.7684224787006,0.00410306839605708,"2011-03-13","2021-01-28",-84.4180019074226,0.42322091316119,33.7588118461771,0.309695245569181
"AUGUSTA","GA","AGS",-81.844,33.456,26,17.2904754392159,0.665018286123689,"2011-11-27","2020-01-16",-81.9610332282367,0.15873476632734,33.4752191841197,0.106613836286912
"DALTON","GA","DNN",-84.666,34.714,9,15.9584835815774,1.77316484239749,"2014-10-04","2020-10-01",-84.8202653602808,0.155157192125541,34.72761025971,0.0849901077213857
"LAWRENCEVILLE","GA","LZU",-84.003,33.966,16,13.2846768898388,0.830292305614922,"2012-01-16","2020-03-19",-84.0079357627208,0.243707298188368,33.9491689642608,0.130922717834978
"MACON","GA","MCN",-83.526,32.897,19,2.94147336995008,0.15481438789211,"2012-01-12","2021-01-14",-83.5508420840535,0.38155222622284,32.7564219839373,0.282776027898136
"ROME","GA","RMG",-85.316,34.402,25,3.07600752199464,0.123040300879785,"2011-11-12","2020-11-24",-85.3514611373758,0.326697231979326,34.3398365862563,0.206465515691216
"SAVANNAH","GA","SAV",-81.335,32.134,57,6.5745445685953,0.115342887168339,"2011-10-21","2020-12-31",-81.3571235220279,0.235180680860206,32.1605950196688,0.236258889287993
"HILO","HI","ITO",-155.071,19.73,45,33.7067669024791,0.749039264499536,"2011-01-11","2020-12-01",-155.0730438136,0.10782492902198,19.7481734854034,0.126279669151907
"HONOLULU","HI","HNL",-157.871,21.289,297,15.5352942338264,0.0523073879926815,"2011-01-01","2021-01-21",-157.929898464303,0.143850386555282,21.3141226881206,0.0948226481299632
"KAHULUI","HI","OGG",-156.476,20.858,152,12.2197427414825,0.0803930443518588,"2011-04-13","2020-12-27",-156.451897545722,0.120267057553266,20.8384375491262,0.133747481087089
"LIHUE","HI","LIH",-159.316,21.993,18,11.8880072013963,0.660444844522014,"2014-01-02","2021-01-03",-159.27605649994,0.138112647138554,22.0071602794866,0.142846497363878
"WAHIAWA","HI","HHI",-158.067,21.458,8,48.7390717958321,6.09238397447902,"2014-01-08","2020-07-15",-158.045573742116,0.0586650631104767,21.483912603039,0.0586787860434436
"ATLANTIC","IA","ACY",-95.038,41.337,16,13.3781806126123,0.836136288288266,"2011-02-04","2020-06-29",-95.0824335794488,0.229794688595554,41.3751484166013,0.162221474869534
"CEDAR RAPIDS","IA","CID",-91.751,41.868,38,5.07091884629302,0.133445232797185,"2011-12-15","2020-12-12",-91.6212727719618,0.364613763519581,41.8812612471781,0.182478230521461
"DES MOINES","IA","DSM",-93.728,41.627,79,3.24490204663808,0.041074709451115,"2011-01-10","2020-12-31",-93.5575536575894,0.350017629568045,41.4502358023592,0.229540841831768
"DUBUQUE","IA","DBQ",-90.549,42.424,11,1.39618432490051,0.126925847718228,"2014-05-25","2020-10-31",-90.5692031323688,0.464905529399441,42.3085928317268,0.213312736814342
"OTTUMWA","IA","OTM",-92.44,41.301,13,2.26266591459009,0.174051224199238,"2015-06-05","2021-01-13",-92.5999171949148,0.40151431032441,41.1462011764933,0.178768824234388
"BOISE","ID","BOI",-116.273,43.586,179,12.8283106855086,0.0716665401425064,"2011-02-01","2021-01-26",-116.382416854477,0.215777912685149,43.5726688583688,0.122451898937454
"CALDWELL","ID","EUL",-116.602,43.648,16,44.3249559539728,2.7703097471233,"2014-10-29","2020-01-03",-116.68403795649,0.115533111182183,43.6522416115206,0.0539589382734253
"CHICAGO","IL","ORD",-87.808,41.942,724,5.47863755276162,0.00756717894027848,"2011-01-06","2020-12-04",-87.8974280579968,0.236999751500827,41.8979603960713,0.181324373856403
"GILLESPIE","IL","SEE",-89.822,39.176,10,312.334522674056,31.2334522674056,"2012-10-25","2018-12-13",-89.8009451242071,0.0291702236604331,39.1736270126777,0.0238818053750494
"GREENVILLE","IL","FMU",-89.422,38.829,14,62.3644845699115,4.45460604070797,"2011-09-07","2019-07-20",-89.4049821816226,0.116511314657141,38.8382613514575,0.0936770187808493
"JOLIET","IL","JOT",-88.155,41.502,53,4.41750913462719,0.0833492289552299,"2011-08-25","2020-11-06",-88.3375015998543,0.258503704658367,41.4175674730928,0.219290390779544
"MOLINE","IL","MLI",-90.504,41.478,24,15.5455742232347,0.647732259301444,"2011-05-30","2021-01-27",-90.5160366078703,0.264108262913064,41.4681761108102,0.150072278368158
"PEORIA","IL","PIA",-89.625,40.673,38,7.22039840976467,0.190010484467491,"2011-09-14","2021-01-20",-89.6480553919651,0.229577387275007,40.6814354016459,0.162383827411233
"SPRINGFIELD","IL","SPI",-89.728,39.838,11,16.0425746638006,1.45841587852733,"2012-01-30","2020-11-07",-89.6633098230424,0.155650085384072,39.8072371197944,0.194439225836439
"ELKHART","IN","EKM",-85.929,41.725,8,20.7860260233787,2.59825325292234,"2011-05-13","2021-01-20",-85.7376089212819,0.284123912200618,41.7188888396266,0.0560364458569346
"EVANSVILLE","IN","EVV",-87.48,37.964,25,6.40733463133656,0.256293385253463,"2013-01-16","2021-01-22",-87.483513617439,0.38154909298374,38.0635261858579,0.253117520505749
"FORT WAYNE","IN","FWA",-85.109,41.036,44,6.58737708071822,0.149713115470869,"2012-11-17","2020-11-03",-85.1685561734604,0.411091578061564,41.0681999942885,0.258442493192602
"GARY","IN","GYY",-87.282,41.486,38,11.9035939687932,0.313252472862978,"2011-10-15","2020-12-26",-87.3616388650912,0.171635156589749,41.5310326721511,0.0771574285896141
"GOSHEN","IN","",-85.481,41.56,17,2.58735142208798,0.152197142475763,"2011-10-03","2021-01-27",-85.7608028941282,0.302082317237899,41.5045521474259,0.171074131609817
"INDIANAPOLIS","IN","IND",-86.163,39.705,295,6.67897952158571,0.0226406085477482,"2011-01-22","2020-10-17",-86.1801104785533,0.22691621225192,39.6755187070247,0.166678948111287
"LAFAYETTE","IN","LAF",-86.917,40.368,18,6.7605565356586,0.375586474203255,"2012-03-11","2020-09-22",-87.0047962328316,0.182711770130933,40.4709467352328,0.263784262641605
"MUNCIE","IN","MIE",-85.442,40.181,14,10.5838174585212,0.755986961322942,"2011-04-22","2021-01-10",-85.4147586237833,0.209881000768526,40.1777843223426,0.153886991313202
"SOUTH BEND","IN","SBN",-86.256,41.7,50,8.3954694390909,0.167909388781818,"2011-12-12","2020-12-14",-86.2627690355495,0.254782399774089,41.6316489021439,0.152985544639176
"TERRE HAUTE","IN","HUF",-87.291,39.481,28,4.26580581027963,0.152350207509987,"2013-08-24","2020-11-20",-87.2620876521566,0.217348426072797,39.3980596392284,0.203099202926332
"WARSAW","IN","ASW",-85.859,41.194,12,17.75166753362,1.47930562780166,"2014-04-14","2020-09-03",-85.7928344011699,0.0786448789370922,41.2536844218261,0.089764395026013
"OLATHE","KS","IXD",-94.853,38.835,11,11.5650258524629,1.05136598658754,"2015-05-04","2020-10-22",-94.7922854668123,0.124321700639756,38.8341477330863,0.0896731137579361
"TOPEKA","KS","FOE",-95.559,38.994,10,5.26634980926017,0.526634980926017,"2011-09-23","2020-10-31",-95.651696543342,0.492285814716998,38.9045445095096,0.183723326196515
"WICHITA","KS","ICT",-97.384,37.672,99,11.8316357858553,0.119511472584397,"2011-04-07","2021-01-21",-97.322422436309,0.19787858406214,37.6825463443849,0.166309265639337
"BOWLING GREEN","KY","BWG",-86.405,36.757,11,2.16099625023431,0.196454204566756,"2013-01-05","2020-10-21",-86.3984755045283,0.284540393819819,36.8944325685606,0.205557212376041
"COVINGTON","KY","CVG",-84.559,39.033,260,4.15224211616442,0.0159701619852478,"2011-05-22","2021-01-22",-84.6375737879908,0.341423739816139,39.0767034213917,0.21226373579405
"DANVILLE","KY","DVK",-84.966,37.423,20,11.5483788707305,0.577418943536524,"2014-11-08","2020-11-04",-84.8728893826833,0.121112356659085,37.3919572779823,0.124994434686887
"LEXINGTON","KY","LEX",-84.856,37.615,205,1.57065593547837,0.00766173627062618,"2011-01-07","2020-12-09",-84.7251545183093,0.381831490979765,37.5914576435835,0.327492113860204
"LONDON","KY","LONDON",-84.578,37.18,30,1.23575154840513,0.041191718280171,"2014-06-14","2020-11-28",-84.2895697899413,0.313170511743959,37.0551098856798,0.296051623816082
"LOUISVILLE","KY","LOU",-85.901,38.126,289,3.36847213412342,0.0116556129208423,"2011-01-06","2021-01-14",-85.730280722329,0.372550985178295,38.1695344969789,0.326123329560162
"PADUCAH","KY","PAH",-88.67,37.073,13,9.04365960892604,0.695666123763541,"2016-10-08","2020-12-28",-88.7079530097254,0.182400657897625,37.0712102678339,0.14918124064554
"SOMERSET","KY","SME",-84.494,37.035,11,3.19848861101921,0.290771691910837,"2011-06-21","2019-04-02",-84.6339594498258,0.242588776602016,37.0997899242145,0.211246434448685
"BATON ROUGE","LA","BTR",-91.003,30.55,46,5.00361486830997,0.108774236267608,"2011-07-23","2020-12-26",-91.0640273689642,0.256680176468107,30.5720945891359,0.198386880520447
"LAFAYETTE","LA","LFT",-92.063,30.204,49,10.1792648670058,0.20774009932665,"2011-10-14","2021-01-16",-92.0483918831488,0.205134044468711,30.2462060231933,0.129595244303071
"LAKE CHARLES","LA","LCH",-93.338,30.262,22,9.13890001239825,0.415404546018102,"2012-02-14","2020-11-17",-93.2114273455609,0.311225176393026,30.2645898363156,0.246384036838329
"MONROE","LA","MLU",-92.103,32.537,24,5.37389076160221,0.223912115066759,"2013-08-06","2020-09-14",-92.0974041513352,0.275873110775854,32.4965821394211,0.1152158724315
"NEW ORLEANS","LA","MSY",-90.167,29.971,130,6.40406563721917,0.0492620433632244,"2011-02-27","2020-12-21",-90.3065785633464,0.309897309960803,30.0472579810736,0.232709549825253
"SHREVEPORT","LA","SHV",-93.873,32.481,21,6.70830295231374,0.319442997729226,"2011-05-05","2021-01-14",-93.9145191709665,0.455546206664036,32.4533737931085,0.187532543753732
"BOSTON","MA","BOS",-71.04,42.376,201,11.5634055245265,0.0575293807190374,"2011-02-18","2021-01-15",-71.02956541206,0.213026706907218,42.3924356277013,0.172429772955791
"LAWRENCE","MA","LWM",-71.203,42.676,11,20.9902781881363,1.90820710801239,"2014-11-04","2020-11-11",-71.0860826838948,0.179501052123215,42.7283450953099,0.148215972060905
"PITTSFIELD","MA","PSF",-73.301,42.451,9,38.2724564222991,4.25249515803323,"2015-04-29","2019-12-19",-73.3384035967634,0.0607510977267873,42.4349211283832,0.0609114199139646
"WORCESTER","MA","ORH",-71.826,42.256,11,26.9889193047248,2.45353811861135,"2015-07-06","2019-07-09",-71.8120227812852,0.142986278544238,42.2556297924986,0.0937989838269533
"BALTIMORE","MD","BWI",-76.623,39.178,172,7.16818028487097,0.0416754667725056,"2011-01-01","2021-01-23",-76.6271880505138,0.165923592592698,39.1834919160653,0.271583968932603
"CAMP SPRINGS","MD","",-76.851,38.919,15,25.8456534848205,1.7230435656547,"2011-06-28","2020-02-11",-76.8313911681131,0.098020767709875,38.3540079760502,1.74661504194276
"COLLEGE PARK","MD","CGS",-76.956,38.971,14,55.7456042165224,3.98182887260874,"2011-08-06","2020-02-28",-76.9509756748971,0.0418079329105781,38.9895482641874,0.0493509477372284
"FREDERICK","MD","LAS",-77.492,39.426,19,35.1777979978528,1.85146305251857,"2011-04-07","2020-06-13",-77.400342676781,0.0914812679761114,39.458818135266,0.0993302254617145
"GAITHERSBURG","MD","GAI",-77.217,39.181,10,55.0604522665537,5.50604522665537,"2014-08-29","2017-10-28",-77.1560379104236,0.0660995964688948,39.1850023663341,0.0617042275443595
"HAGERSTOWN","MD","HGR",-77.652,39.668,11,18.1856068146854,1.65323698315322,"2012-02-25","2020-10-19",-77.7485279629944,0.147529532238324,39.6890236319721,0.0975819700391507
"BANGOR","ME","BGR",-68.916,44.807,15,11.3687975899176,0.757919839327838,"2012-03-22","2020-12-29",-69.1962888489473,0.517572591206675,44.7698015070473,0.0734139716286155
"PORTLAND","ME","PWM",-70.328,43.599,26,8.38567179274619,0.322525838182546,"2011-11-15","2020-12-15",-70.4555634391694,0.177930003159774,43.6178620664587,0.138441466298762
"ALMA","MI","ALMA",-84.693,43.541,11,1.88597806520433,0.171452551382212,"2017-11-05","2020-11-19",-84.659048770619,0.409465066171401,43.4598682048879,0.197333807429395
"DETROIT","MI","DTW",-83.227,42.363,278,8.36642794380602,0.0300950645460648,"2011-02-10","2020-12-18",-83.2678534157831,0.232749810915372,42.3097029524429,0.170950598805196
"FLINT","MI","FNT",-83.707,43.008,23,11.3464126347304,0.493322288466538,"2011-10-11","2020-12-19",-83.7204651708777,0.177568507211586,42.9360650588412,0.101608400176349
"GRAND RAPIDS","MI","GRR",-85.558,42.917,26,7.46350626868604,0.287057933411001,"2011-03-03","2020-10-28",-85.5751355667051,0.183696204422812,42.8483365573111,0.129743893776851
"KALAMAZOO","MI","AZO",-85.617,42.199,32,6.96052321294715,0.217516350404598,"2011-01-22","2020-11-26",-85.6321738743577,0.177591445753813,42.2310267595484,0.122032724621428
"LANSING","MI","LAN",-84.624,42.808,32,12.2147906772356,0.381712208663614,"2012-03-08","2020-11-07",-84.6037398025029,0.155232915677589,42.7523815397608,0.130610571850661
"MUSKEGON","MI","MKG",-86.222,43.187,9,21.2876214253636,2.36529126948485,"2012-03-18","2020-10-27",-86.3143432254549,0.131271748005966,43.20396719287,0.0924782909661073
"PONTIAC","MI","PTK",-83.418,42.629,28,12.2644525632413,0.438016162972904,"2011-07-04","2020-07-30",-83.3940697860318,0.155898024622655,42.663057197633,0.11891906847787
"SAGINAW","MI","MBS",-84.069,43.458,10,7.62198784561686,0.762198784561686,"2015-09-23","2019-08-29",-84.2580229824033,0.330950928498948,43.5036174132419,0.260092959234285
"TRAVERSE CITY","MI","TVC",-85.636,44.714,15,5.63653062746354,0.375768708497569,"2011-08-26","2020-08-11",-85.4185629834647,0.458219225638858,44.6943927151995,0.12190989763901
"BEMIDJI","MN","BJI",-94.983,47.29,16,7.89676924939746,0.493548078087341,"2011-12-02","2021-01-12",-94.8587093015793,0.286964085214647,47.3110401148737,0.12705103240343
"BRAINERD","MN","BRD",-94.07,46.465,13,4.1333702821374,0.317951560164415,"2013-06-14","2021-01-10",-94.0875428540551,0.314012196008267,46.3575583813932,0.192464256934227
"DULUTH","MN","DLH",-92.163,46.85,26,4.20436423906142,0.161706316886978,"2016-09-23","2020-12-20",-92.2374056298167,0.295817321035051,46.8069451985257,0.289937300524698
"MINNEAPOLIS","MN","MSP",-93.339,44.903,353,4.8222279104769,0.0136607022959685,"2011-03-19","2021-01-22",-93.2342979326136,0.309082617321509,44.9113347892226,0.223435916937764
"ROCHESTER","MN","RST",-92.55,44.082,12,1.14130818279454,0.0951090152328782,"2014-04-05","2021-01-12",-92.5442666260838,0.346087966525346,43.9523102143512,0.501801630864747
"ST CLOUD","MN","STC",-93.845,45.376,11,8.96573559653732,0.815066872412483,"2014-07-04","2021-01-24",-93.9498011764612,0.238062314278569,45.461328680485,0.118049767038699
"ST PAUL","MN","STP",-93.048,44.951,19,65.4656745119226,3.44556181641698,"2013-02-17","2020-11-06",-92.9925830100111,0.288872342685661,44.9748000701287,0.0559780781745889
"JOPLIN","MO","JLN",-94.546,37.067,11,12.1765224501893,1.10695658638085,"2015-03-07","2020-10-08",-94.6394664386307,0.243623959768639,37.1357120038446,0.0792683366950385
"KANSAS CITY","MO","MCI",-94.602,39.099,142,4.96163782540534,0.0349411114465165,"2011-06-10","2021-01-23",-94.5851917460765,0.283100977408659,39.1772218563653,0.238344455609048
"KIRKSVILLE","MO","IRK",-91.852,40.199,9,0.885938798209718,0.0984376442455243,"2017-10-17","2020-07-14",-92.0527777001599,0.388376514168642,40.1799502920308,0.381185914171041
"NEOSHO","MO","EOS",-94.529,36.94,15,2.44346171135055,0.16289744742337,"2015-03-25","2018-12-19",-94.5611408430836,0.271753253301941,36.7517197420705,0.206891419628224
"SPRINGFIELD","MO","SGF",-93.328,37.195,62,8.11673282435534,0.130915045554118,"2011-01-07","2021-01-17",-93.3796240054963,0.285213370848745,37.209867082929,0.19809750865046
"ST LOUIS","MO","STL",-90.441,38.841,138,3.49550667028748,0.0253297584803441,"2011-01-23","2021-01-21",-90.3458278337958,0.393167857005142,38.6811422857485,0.256486090719436
"GULFPORT","MS","GPT",-89.199,30.563,41,21.4900105909428,0.524146599779093,"2012-07-03","2021-01-09",-89.1356590117065,0.193999528178371,30.5168653260645,0.137688970945585
"JACKSON","MS","JAN",-90.086,32.294,16,4.25394165874689,0.26587135367168,"2012-12-09","2020-11-08",-90.2050583823244,0.203662583446819,32.2934780374502,0.161887089161475
"MERIDIAN","MS","MEI",-88.738,32.427,13,23.5488426722372,1.81144943632594,"2013-09-20","2020-11-12",-88.7606200058931,0.146919109798871,32.3842680391034,0.362941047182333
"TUPELO","MS","TUP",-88.603,34.416,10,7.33691973199603,0.733691973199603,"2017-10-20","2021-01-23",-88.746762751749,0.207545525697285,34.3741659096775,0.0989821268337762
"BILLINGS","MT","BIL",-108.565,45.763,52,22.6555930873852,0.435684482449716,"2011-02-16","2021-01-11",-108.458917897277,0.209382706915114,45.8076970096963,0.0929098702437713
"BOZEMAN","MT","BZN",-111.384,45.914,16,8.47306809248634,0.529566755780396,"2015-08-09","2021-01-24",-111.338420780669,0.190705621728835,45.8287222713255,0.103100035923428
"GREAT FALLS","MT","GTF",-111.358,47.568,16,15.2828840143507,0.955180250896917,"2012-04-14","2020-10-05",-111.388008644291,0.342654053907046,47.5562297610117,0.248912925079334
"HELENA","MT","UJM",-111.855,46.607,14,2862.27357062976,204.44811218784,"2014-10-01","2020-11-27",-111.847214541143,0.171349963452423,46.5660172276727,0.123169359559789
"KALISPELL","MT","GPI",-114.262,48.19,14,22.6778584808969,1.61984703434978,"2011-08-23","2020-12-18",-114.249485603075,0.088836735404749,48.1615227743973,0.168415495963434
"ASHEVILLE","NC","AVL",-82.542,35.607,36,7.59078385277112,0.21085510702142,"2011-12-12","2021-01-22",-82.5387049177556,0.183667429103253,35.4646860202769,0.173136794904501
"CHARLOTTE","NC","CLT",-80.911,35.251,357,3.23271826441893,0.00905523323366646,"2011-01-25","2021-01-12",-80.9871533161664,0.302474148437855,35.2786849915688,0.238826948529131
"FAYETTEVILLE","NC","FAY",-78.931,34.965,40,11.6197925180648,0.290494812951621,"2011-04-05","2020-11-14",-78.9647933993234,0.248677816175024,34.983292022759,0.183608585515799
"GOLDSBORO","NC","GSB",-77.858,35.343,18,8.97593880009366,0.49866326667187,"2011-06-21","2020-12-01",-78.0615941715167,0.223702510310244,35.3458087854045,0.1441837669571
"GREENSBORO","NC","GSO",-79.874,36.081,87,6.2681933569571,0.0720481995052541,"2011-02-02","2021-01-21",-79.9756547647774,0.256128470127498,36.1281376604056,0.224368327505355
"HICKORY","NC","HKY",-81.338,35.776,11,3.15943200939483,0.287221091763167,"2011-11-08","2021-01-13",-81.4281811664901,0.262015827621886,35.6906686455865,0.295266792216705
"RALEIGH","NC","RDU",-78.754,35.654,24,3.65220074466012,0.152175031027505,"2011-06-19","2020-01-20",-78.7596027484624,0.237347816881158,35.6382841516878,0.274436012201039
"WILMINGTON","NC","ILM",-77.838,34.286,15,11.5893510927581,0.772623406183871,"2011-08-03","2020-01-22",-77.92072373328,0.105238299837225,34.3200062195033,0.105374899849536
"BISMARCK","ND","BIS",-100.776,46.755,22,20.8309841856166,0.946862917528029,"2013-08-07","2020-12-28",-100.764567164144,0.254290717815831,46.7378043251002,0.142989151396472
"FARGO","ND","FAR",-96.767,46.914,26,14.2668016196268,0.548723139216416,"2012-05-05","2021-01-20",-96.7259642320426,0.353914945072547,46.8148604134993,0.153271210070368
"GRAND FORKS","ND","GFK",-97.104,47.931,17,12.3203563403062,0.724726843547426,"2013-11-29","2020-12-22",-97.0532327144935,0.29976965168951,47.9022141788909,0.238041885800979
"LINCOLN","NE","LNK",-96.74,40.811,31,22.8581149764193,0.737358547626429,"2011-04-30","2020-12-14",-96.734566208464,0.245601126903379,40.815411638158,0.167461944764625
"OMAHA","NE","OMA",-95.928,41.27,87,17.4703254547508,0.200808338560354,"2011-04-25","2020-12-30",-96.000076925442,0.155131860515962,41.291593932084,0.136027110990684
"CONCORD","NH","CON",-71.522,43.168,32,8.05132741944329,0.251603981857603,"2011-11-27","2021-01-21",-71.4605797919382,0.180348725516927,43.236432167075,0.132386811935163
"LEBANON","NH","I68",-71.981,43.429,13,4.7002439137392,0.361557224133785,"2011-07-30","2020-10-31",-72.2218149229997,0.248558090751852,43.5451503678385,0.116248217755635
"MANCHESTER","NH","MHT",-71.338,42.805,37,8.31736401071522,0.224793621911222,"2011-04-29","2020-07-09",-71.458617779064,0.215585011912661,42.9395601370499,0.126128549962063
"PORTSMOUTH","NH","PSM",-70.898,43.012,10,5.6861381416148,0.56861381416148,"2015-07-02","2020-12-28",-70.929058851396,0.185405371621952,43.0692160395958,0.215241832983424
"ATLANTIC CITY","NJ","ACY",-74.447,39.345,42,18.1237203838127,0.43151715199554,"2011-07-14","2020-11-20",-74.5547095035016,0.152771098695127,39.4061809097743,0.106229856201678
"CALDWELL","NJ","CDW",-74.282,40.955,17,41.7054447441795,2.45326145553997,"2011-10-15","2020-11-29",-74.2895374497343,0.090583092215392,40.9239504605725,0.0412200966166383
"MILLVILLE","NJ","MIV",-74.911,39.326,10,6.22047512130051,0.622047512130051,"2011-06-27","2020-12-02",-75.0222195109703,0.161937158715256,39.4040916009973,0.153809640794492
"MORRISTOWN","NJ","MMU",-74.463,40.854,25,24.1001970429377,0.964007881717509,"2011-12-28","2020-11-07",-74.4648878973474,0.0969026119798347,40.8345455308464,0.0648844228433686
"NEWARK","NJ","EWR",-74.12,40.762,211,10.1299385816264,0.0480091875906465,"2011-01-23","2021-01-07",-74.2399052660916,0.172717559476924,40.6600876059529,0.133550896467175
"TRENTON","NJ","TTN",-75.017,40.277,15,10.7063834162639,0.713758894417592,"2011-07-19","2020-11-03",-74.8508593182456,0.153991946251859,40.2493194454077,0.0800542935227261
"ALBUQUERQUE","NM","ABQ",-106.656,34.993,301,8.98199524935241,0.0298405157785794,"2011-01-17","2021-01-29",-106.586542806621,0.207923811816545,35.0533342519173,0.173152519597418
"FARMINGTON","NM","FGT",-108.167,36.753,16,13.7480352232172,0.859252201451077,"2012-08-08","2020-12-16",-108.235338606488,0.137941507863391,36.7651200722921,0.151981657803252
"GALLUP","NM","GUP",-108.55,35.671,8,1.02881774562624,0.12860221820328,"2014-09-26","2020-07-26",-108.601514955808,0.646224282804419,35.5844573914933,0.420195865758949
"ROSWELL","NM","SE",-104.525,33.352,11,70.5900729192668,6.41727935629698,"2013-09-16","2019-01-31",-104.494266164605,0.0580394382286145,33.3295130242607,0.0450615277639859
"SANTA FE","NM","SAF",-106.048,35.655,14,2.91970654545459,0.208550467532471,"2012-10-13","2020-04-16",-106.228076520564,0.277017195094471,35.8374306086134,0.229433218770259
"SILVER CITY","NM","SVC",-108.043,32.873,12,6.68778033241467,0.557315027701223,"2012-11-05","2020-10-20",-108.175766716984,0.35784542444154,32.7779454427739,0.132370518547332
"LAS VEGAS","NV","LAS",-115.156,36.116,807,17.8938586305851,0.0221733068532653,"2011-01-01","2021-01-29",-115.128740253385,0.200410487204396,36.093679896447,0.121487373470996
"RENO","NV","RNO",-119.738,39.556,112,14.9908993704507,0.133847315807596,"2011-04-05","2021-01-13",-119.719811000563,0.172081271664713,39.4849305151074,0.163961638635493
"ALBANY","NY","ALB",-73.761,42.682,86,6.46856563114399,0.0752158794319069,"2011-01-15","2021-01-20",-73.8232802276751,0.23783080096895,42.691817545276,0.241672138024663
"BINGHAMTON","NY","BGM",-75.879,42.123,20,5.30116125129988,0.265058062564994,"2011-07-30","2020-11-09",-75.9266770070623,0.331892751180045,42.1543706026596,0.147395413320298
"BUFFALO","NY","BUF",-78.768,42.967,52,7.48924887193032,0.144024016767891,"2011-06-07","2020-11-20",-78.8354421108583,0.305889780162508,42.8933229020876,0.130315490142156
"FARMINGDALE","NY","FRG",-73.443,40.734,19,28.6657999748818,1.50872631446746,"2011-10-14","2021-01-10",-73.4093940447335,0.0683177374244397,40.7274327624064,0.0609859037638158
"ITHACA","NY","ITH",-76.488,42.531,14,6.72397108483111,0.480283648916508,"2011-07-22","2020-12-22",-76.5518280469006,0.184270068741558,42.4185035024113,0.149046818709082
"NEW YORK","NY","LGA",-73.839,40.782,508,10.0342473969994,0.0197524555059043,"2011-01-09","2021-01-15",-73.8441145886193,0.206071193809635,40.7289629546874,0.131173497124409
"POUGHKEEPSIE","NY","POU",-73.953,41.662,9,31.8988028500587,3.54431142778429,"2011-06-10","2017-02-24",-73.8980239360911,0.0865033605445546,41.6998289696348,0.133389398606248
"ROCHESTER","NY","ROC",-77.533,43.156,78,9.89090265947791,0.126806444352281,"2011-05-13","2020-10-20",-77.6330844193724,0.218531605952943,43.1094841791325,0.126884692797412
"SYRACUSE","NY","SYR",-76.182,43.098,89,17.8808757758996,0.200908716583141,"2011-01-05","2020-12-18",-76.150853869639,0.200991965139477,43.0631245945515,0.127169466570673
"WHITE PLAINS","NY","HPN",-73.687,41.051,26,9.67703846858742,0.372193787253362,"2011-07-02","2021-01-12",-73.7329300941599,0.159324436050012,41.1043344409471,0.110244134303454
"AKRON","OH","AKRON",-81.487,40.879,75,11.2712366694054,0.150283155592072,"2011-06-07","2020-09-06",-81.4784774021808,0.172737167978013,40.9033011447051,0.162656126449826
"CINCINNATI","OH","CVG",-84.347,39.072,39,7.25016893973394,0.185901767685486,"2011-04-25","2021-01-06",-84.402498706893,0.262796565260289,39.1083002057484,0.159522604934068
"CLEVELAND","OH","CLE",-81.798,41.449,126,14.7815845812161,0.117314163342985,"2011-03-27","2020-10-31",-81.7951199038771,0.219995267052117,41.401080888535,0.150959779778017
"COLUMBUS","OH","CMH",-82.946,40.009,142,8.8820554386729,0.0625496861878373,"2011-05-04","2020-12-11",-82.9038527383435,0.241425469488961,39.9794517156552,0.161324312672795
"DAYTON","OH","DAY",-84.201,39.861,102,7.69825940128023,0.0754731313851003,"2011-04-23","2020-12-27",-84.1825900390407,0.24634661430303,39.888723110778,0.186634542404467
"MANSFIELD","OH","MFD",-82.453,40.804,15,10.6298969648259,0.708659797655059,"2013-05-07","2019-12-20",-82.4382316456155,0.168401953983031,40.7935098679675,0.108220914927019
"SPRINGFIELD","OH","SGH",-83.821,39.837,10,52.7671794497976,5.27671794497976,"2011-05-23","2018-03-13",-83.8268877626344,0.0682132915476385,39.8655003454698,0.0698800523125075
"TOLEDO","OH","TOL",-83.689,41.637,28,8.12920509057912,0.290328753234969,"2011-04-21","2020-12-15",-83.7591382731206,0.285429812590159,41.5953478047051,0.182832115890728
"WILMINGTON","OH","ILN",-83.878,39.349,9,25.8759982880215,2.87511092089128,"2015-03-17","2020-08-26",-83.9040648574759,0.186027054225609,39.3481154700623,0.11039965582067
"ARDMORE","OK","ADM",-96.97,34.26,10,4.14318735692154,0.414318735692154,"2015-06-24","2021-01-03",-96.9858672436876,0.265508358879844,34.3195043241451,0.223352138841812
"BARTLESVILLE","OK","BVO",-96.391,36.741,8,6.33931474275901,0.792414342844877,"2013-02-18","2017-07-13",-96.2863272285544,0.300783524086384,36.8355429890675,0.166799660208689
"OKLAHOMA CITY","OK","PWA",-97.574,35.47,150,11.2302018819119,0.0748680125460796,"2011-04-23","2020-12-22",-97.51513848358,0.172679666380317,35.4490050173726,0.140272808655559
"TULSA","OK","TUL",-95.948,36.104,157,10.0929979681891,0.0642866112623511,"2011-06-19","2020-12-27",-95.8865000455232,0.223488280202706,36.1192598870334,0.180236028136464
"CORVALLIS","OR","CVO",-123.178,44.644,22,7.12829033786328,0.324013197175604,"2012-10-01","2020-12-01",-123.109268624311,0.19833387747481,44.6082105596382,0.144941237208793
"EUGENE","OR","EUG",-123.212,44.145,77,9.30546099793259,0.120850142830293,"2011-08-16","2020-12-31",-123.127488786815,0.173457085589106,44.1011647085526,0.183096664967785
"HILLSBORO","OR","HIO",-122.87,45.425,10,30.7718092553643,3.07718092553643,"2011-04-23","2018-02-06",-122.883214979898,0.0920801111227814,45.4327004534946,0.0625115952665694
"KLAMATH FALLS","OR","LMT",-121.786,42.183,11,6.51304116218394,0.592094651107631,"2011-08-24","2020-09-20",-121.678459675114,0.179652358853986,42.076229214133,0.362059678126112
"MEDFORD","OR","MFR",-122.931,42.436,22,11.0855677636782,0.503889443803556,"2012-10-06","2020-12-14",-122.786214838057,0.260297587091411,42.304731438854,0.233238183739638
"PENDLETON","OR","PDT",-118.28,45.269,17,29.972155264481,1.76306795673418,"2016-07-24","2019-12-30",-118.533443543062,0.35839420868069,45.6938411757482,0.149362542028321
"PORTLAND","OR","PDX",-122.461,45.57,726,13.8618136438176,0.0190934072228892,"2011-01-11","2021-01-21",-122.539984346686,0.215109484334603,45.5180263305295,0.176262570839672
"REDMOND","OR","RDM",-121.132,44.226,24,8.71892249633534,0.363288437347306,"2011-06-02","2020-12-12",-121.174249784975,0.216502738948388,44.3452336304261,0.220009315006118
"SALEM","OR","SVR",-122.971,44.938,33,22.3690725349208,0.677850682876387,"2011-08-09","2020-11-30",-122.967250194075,0.157743823967719,44.8791115595088,0.182770582703679
"ALLENTOWN","PA","ABE",-75.489,40.651,82,10.0133676348651,0.122114239449575,"2011-03-15","2020-11-29",-75.3837469144974,0.548087254224508,40.6148604193004,0.43950192703192
"ERIE","PA","ERI",-80.173,42.072,20,4.38107588279116,0.219053794139558,"2011-10-04","2020-09-02",-80.2034824368624,0.376764856901133,42.042467389411,0.247549333421369
"HARRISBURG","PA","MDT",-76.702,40.124,40,10.5390072024401,0.263475180061003,"2011-04-08","2020-10-21",-76.7920591847309,0.227256253281342,40.167742934416,0.102091244835095
"JOHNSTOWN","PA","JST",-78.919,40.394,15,2.59715690236644,0.173143793491096,"2011-05-27","2020-11-20",-78.887597637202,0.282768241280957,40.4142317877727,0.187206789891709
"LANCASTER","PA","LRP",-76.282,40.128,42,11.6622679960618,0.27767304752528,"2011-02-16","2020-08-25",-76.3215617162935,0.176243680567611,40.1624572861969,0.17271615179746
"PHILADELPHIA","PA","PHL",-75.204,39.926,379,11.7204400151948,0.0309246438395642,"2011-01-17","2021-01-28",-75.1977654312081,0.166596178457069,39.9172462264018,0.141864982859961
"PITTSBURGH","PA","PIT",-80.04,40.382,150,6.51353757204568,0.0434235838136379,"2011-01-03","2021-01-12",-80.0564090531204,0.222276426972373,40.4409927995573,0.160963329453426
"POTTSTOWN","PA","PTW",-75.527,40.246,31,6.83269232504888,0.220409429840286,"2011-07-19","2020-12-19",-75.5406540672303,0.227525815265705,40.2269889699805,0.151517345548982
"READING","PA","RDG",-75.969,40.341,17,46.0793404809534,2.71054944005608,"2011-11-25","2020-12-10",-75.9265390530048,0.113756009568152,40.3395631928732,0.0964895084506751
"AGUADILLA","PR","SJU",-67.097,18.48,103,17.338256060658,0.168332583113184,"2011-01-26","2021-01-26",-67.0477106338974,0.182380638516723,18.3950141028949,0.149830160622277
"PONCE","PR","TJPS",-66.486,18.042,10,11.8001222402718,1.18001222402718,"2011-09-10","2018-10-09",-66.5502630695625,0.115407134611575,18.1007329232152,0.0941206067507907
"SAN JUAN","PR","SJU",-66.05,18.425,660,29.9979611435095,0.0454514562780448,"2011-01-03","2021-01-26",-66.0966233159328,0.213470355220079,18.4068020133422,0.101892607873298
"NEWPORT","RI","ORF",-71.346,41.524,10,3.14099313163221,0.314099313163221,"2017-09-26","2020-04-03",-71.5970834976327,0.544449329072489,41.7277472947102,0.422831233966551
"PROVIDENCE","RI","PVD",-71.279,41.85,71,15.6347754971738,0.220208105593998,"2011-01-01","2021-01-23",-71.3733235065233,0.18544456902081,41.7349113356577,0.114832190455024
"ANDERSON","SC","AND",-82.774,34.486,9,10.3297043765726,1.14774493073029,"2012-06-03","2021-01-15",-82.6932590762361,0.190935951132547,34.4704716224432,0.144725291314549
"CHARLESTON","SC","CHS",-80.14,33.027,65,9.9023491020928,0.152343832339889,"2011-04-21","2020-11-25",-80.088152881214,0.167642936807345,32.9511336093234,0.167952765747864
"COLUMBIA","SC","CAE",-81.202,33.926,80,9.45621899450945,0.118202737431368,"2011-02-18","2021-01-28",-81.1897736229128,0.261678820692656,33.9770831718302,0.195055484078946
"FLORENCE","SC","FLO",-78.84,34.169,13,6.03279533725194,0.464061179788611,"2011-10-27","2021-01-14",-79.7089828683282,0.506684711638078,34.215819201434,0.16733951555156
"GREER","SC","GSP",-82.139,34.943,53,19.9179420352479,0.37581022708015,"2011-03-03","2021-01-24",-82.1949426564182,0.164683339158087,34.9020292495499,0.128121815656003
"MYRTLE BEACH","SC","MYR",-78.889,33.699,132,99.2732562564107,0.752070123154626,"2011-06-07","2019-10-30",-78.894922130735,0.0755583228223066,33.7034479655978,0.0618825448566024
"SPARTANBURG","SC","SPA",-81.806,34.951,36,2.56375887038988,0.0712155241774967,"2011-02-18","2020-12-25",-81.9961819677448,0.322593696012461,34.9706292337471,0.219645102542718
"SIOUX FALLS","SD","FSD",-96.731,43.542,37,14.660983895479,0.396242807985918,"2011-05-09","2021-01-26",-96.6607112039103,0.199158331393224,43.505687036082,0.11207082584058
"CHATTANOOGA","TN","CHA",-85.16,35.042,100,5.80131527563686,0.0580131527563686,"2011-07-19","2021-01-14",-85.2464786308151,0.242669518544534,35.0292964078803,0.253523924977915
"DYERSBURG","TN","DYR",-89.793,35.992,11,3.32298430266606,0.302089482060551,"2018-05-19","2020-12-10",-89.5690128362932,0.233858518213907,35.9232318240872,0.199916574752827
"JACKSON","TN","MKL",-88.61,35.646,10,1.76481329486103,0.176481329486103,"2014-01-21","2020-11-15",-88.6470078844271,0.2536819133973,35.5611398063338,0.286233940720818
"KNOXVILLE","TN","TYS",-84.039,35.881,92,3.85270725736886,0.0418772527974876,"2011-12-24","2021-01-17",-83.9833744921112,0.26538791679914,35.8667745291095,0.192248817994016
"MEMPHIS","TN","MEM",-89.885,35.09,197,5.042325382379,0.0255955603166447,"2011-04-03","2021-01-22",-89.8201520545827,0.413365181915756,35.0416103768907,0.269627130926121
"MURFREESBORO","TN","MBT",-86.373,35.896,7,64.3373644300207,9.19105206143153,"2013-02-04","2020-08-25",-86.3962678874341,0.0503102173697397,35.8884995649841,0.0658956494705754
"NASHVILLE","TN","BNA",-86.79,36.165,295,3.63207320375397,0.0123121125550982,"2011-02-18","2021-01-20",-86.6053958830511,0.381760924125254,36.1424291435949,0.27139029592035
"SMYRNA","TN","MQY",-86.515,35.997,13,102.408182584242,7.87755250648016,"2014-09-24","2020-11-27",-86.5027569766833,0.046928125869367,36.0120263414911,0.0478674708928242
"ABILENE","TX","ABI",-99.66,32.405,27,11.7322298805297,0.434527032612213,"2013-10-06","2020-11-09",-99.6501519343932,0.265169018915527,32.4280920730961,0.19193982857957
"AMARILLO","TX","AMA",-101.766,35.219,21,17.4533568217825,0.83111222960869,"2011-09-23","2020-11-10",-101.7567727538,0.104239781041202,35.1773068479763,0.26166300028422
"ARLINGTON","TX","ARLINGTON",-97.107,32.654,30,28.9953685848827,0.966512286162758,"2011-04-12","2020-10-20",-97.1232693629857,0.0579998858502305,32.611117866026,0.0942533708313852
"AUSTIN","TX","AUS",-97.717,30.223,276,10.8497571646521,0.0393107143646816,"2011-01-03","2021-01-25",-97.7178570029615,0.198693978605844,30.2832110880481,0.163071049503987
"BEAUMONT","TX","BPT",-94.206,30.154,15,6.20497890703934,0.413665260469289,"2011-12-08","2020-12-26",-94.2698765301119,0.229517165988158,30.1290749567058,0.13826271452355
"BROWNSVILLE","TX","BRO",-97.474,25.959,53,40.1767925253946,0.758052689158388,"2011-01-10","2020-12-04",-97.4699447721267,0.0758104435717047,25.9718462950484,0.0669666457486377
"COLLEGE STATION","TX","CLL",-96.303,30.607,19,16.8862767032496,0.888751405434191,"2011-09-26","2020-12-02",-96.2595636168281,0.180840120634255,30.6414837200815,0.13257917856885
"CORPUS CHRISTI","TX","CRP",-97.431,27.738,81,17.438904363094,0.215295115593753,"2011-04-22","2020-11-23",-97.4287549064347,0.128278142489495,27.7585434694084,0.0853878769336983
"DALLAS","TX","DAL",-96.855,32.912,358,8.37914364184146,0.0234054291671549,"2010-12-31","2021-01-26",-96.7759418723864,0.182142066075861,32.8911766269317,0.178664858136194
"DALLAS-FORT WORTH","TX","DFW",-96.992,32.916,326,6.13612854644545,0.0188224802038204,"2011-01-04","2021-01-29",-97.0320920810251,0.192712549121026,32.8870656788744,0.18079150039727
"DENTON","TX","DTO",-97.227,33.23,22,50.5397566344602,2.29726166520274,"2011-04-09","2021-01-11",-97.2052183975516,0.0766009826219206,33.2500393177497,0.0826045958199241
"EL PASO","TX","ELP",-106.453,31.761,428,24.1957398845989,0.0565321025341097,"2011-06-17","2021-01-27",-106.413833983433,0.146376515008139,31.7747526459263,0.102841279851535
"FORT WORTH","TX","FTW",-97.346,32.812,99,16.1880056188965,0.163515208271682,"2011-05-12","2021-01-26",-97.3342405811203,0.0919026892637763,32.807735866726,0.173922638366291
"GEORGETOWN","TX","GTU",-97.57,30.751,11,31.0481599504669,2.82255999549699,"2015-04-25","2020-01-11",-97.6335067656909,0.0719442492799704,30.7124865720191,0.0817967882664378
"HARLINGEN","TX","HRL",-97.655,26.248,20,10.5923400732938,0.529617003664691,"2011-03-26","2020-11-23",-97.6821773964663,0.158394100651095,26.309998502801,0.236781552974334
"HOUSTON","TX","HOU",-95.361,29.97,1034,3.10312883686824,0.00300109171844123,"2011-01-07","2021-01-19",-95.3382369006491,0.313852718102636,29.8699940204608,0.240546928983384
"KERRVILLE","TX","ERV",-98.919,29.927,10,14.1677219020584,1.41677219020584,"2014-06-15","2020-01-19",-99.0445440378211,0.132171824050262,29.9249711604028,0.142503334800864
"LAREDO","TX","LRD",-99.468,27.503,55,18.6361573586282,0.338839224702332,"2011-09-12","2020-11-21",-99.5111836918008,0.119447754462953,27.5398105736079,0.107131275350328
"LONGVIEW","TX","GGG",-94.858,32.38,17,3.41933440345528,0.201137317850311,"2012-09-28","2020-12-09",-94.7443017756984,0.232851897275776,32.4262925321381,0.172983392750712
"LUBBOCK","TX","LBB",-101.896,33.585,42,23.9194103439444,0.569509770093915,"2011-01-28","2021-01-20",-101.846368943146,0.269817570813877,33.5529499233932,0.146177311669621
"LUFKIN","TX","LFK",-94.687,31.306,9,0.814711410785493,0.090523490087277,"2013-03-25","2020-12-09",-94.6561144367883,0.574931605127967,31.5769180105594,0.262616665700717
"MESQUITE","TX","",-96.536,32.714,30,53.841271097087,1.79470903656957,"2011-06-13","2020-12-07",-96.552019571127,0.0720424808485669,32.7341453355801,0.0629343900642677
"MIDLAND","TX","MAF",-102.159,31.977,83,17.3082128584015,0.208532685040982,"2011-01-03","2021-01-13",-102.113559773677,0.144811448634951,32.0004317517321,0.119905573705332
"MISSION","TX","MISSION",-98.329,26.429,30,15.757372222435,0.525245740747834,"2011-01-17","2019-01-05",-98.2002179927297,0.208540972470987,26.4165151134187,0.063567677323028
"NEW BRAUNFELS","TX","BAZ",-98.117,29.728,17,25.8957424595619,1.52327896820953,"2013-01-07","2021-01-28",-98.0631060335636,0.207012011928292,29.7472128801095,0.124985248678
"PARIS","TX","PRX",-95.482,33.587,10,11.4925769073044,1.14925769073044,"2011-11-06","2020-03-08",-95.3704590584452,0.348782798343458,33.6160758835754,0.105005499537582
"ROCKPORT","TX","RKP",-97.103,28.031,9,16.8726826883882,1.87474252093202,"2013-03-28","2020-07-16",-97.0364646949001,0.0953219681028981,28.095758848173,0.101159643409216
"SAN ANTONIO","TX","SAT",-98.551,29.432,426,5.5505974119304,0.013029571389508,"2011-01-06","2021-01-21",-98.4845056338362,0.216801062014227,29.5391841785625,0.181641389471891
"TYLER","TX","TYR",-95.435,32.248,8,7.00054896547172,0.875068620683965,"2015-12-03","2020-11-14",-95.4592090149019,0.185115330326348,32.4071342530289,0.220378986632195
"VICTORIA","TX","VCT",-96.857,28.838,10,9.62338649784,0.962338649784,"2011-12-28","2020-12-07",-96.9344400205606,0.298609677186234,28.9124300396134,0.171615026815002
"WACO","TX","ACT",-97.121,31.526,36,7.64079328438602,0.212244257899612,"2011-07-01","2020-09-29",-97.2094192251221,0.208676569850346,31.563771902011,0.145463660190503
"OGDEN","UT","OGD",-112.001,41.248,85,22.021544831678,0.259076998019741,"2011-01-11","2021-01-28",-111.986914936579,0.0878453146269832,41.2208106932046,0.142086089891703
"PROVO","UT","PVU",-111.744,40.319,83,16.2000529147045,0.195181360418126,"2011-01-13","2020-12-18",-111.708249091296,0.145950089376287,40.2866342606693,0.120546032472777
"SALT LAKE CITY","UT","SLC",-111.886,40.751,560,9.19653225197164,0.0164223790213779,"2011-01-13","2021-01-18",-111.9523993281,0.140395031142912,40.709089655848,0.157263015659146
"ST GEORGE","UT","SGU",-113.529,37.131,10,37.6123814052196,3.76123814052196,"2013-04-29","2020-12-03",-113.470289983298,0.205981398800575,37.1256600804011,0.0955191393021012
"CHARLOTTESVILLE","VA","CHO",-78.584,37.989,31,2.36699743086154,0.0763547558342433,"2011-01-25","2020-11-02",-78.5966518980599,0.248466095959799,38.1064112745433,0.250675854787198
"DANVILLE","VA","DAN",-79.336,36.507,23,6.03216052349294,0.262267848847519,"2011-08-23","2020-12-21",-79.3503756709421,0.169376271951535,36.4750253979443,0.126190588507431
"LYNCHBURG","VA","LYH",-79.141,37.37,25,10.0849558598107,0.403398234392429,"2011-06-25","2021-01-28",-79.1209772806414,0.239502139379287,37.3745203451785,0.179306679908453
"NORFOLK","VA","ORF",-76.31,36.83,48,22.5488960274809,0.469768667239186,"2011-01-24","2021-01-11",-76.2367565361028,0.122538241665861,36.8855913992191,0.145048954038625
"RICHMOND","VA","RIC",-77.478,37.609,86,6.43637667068874,0.0748415891940551,"2011-07-01","2021-01-17",-77.4684945196721,0.27581501566059,37.5278745379345,0.149923353374611
"ROANOKE","VA","ROA",-79.925,37.297,47,8.24178020381808,0.175357025613151,"2011-06-23","2021-01-03",-79.9503707069703,0.192541180491159,37.2307318707272,0.227193417632468
"VIRGINIA BEACH","VA","NTU",-75.994,36.853,22,167.893303979612,7.63151381725511,"2013-07-25","2020-07-12",-75.9493582417414,0.235583898203214,36.872556074768,0.190576335504009
"WINCHESTER","VA","OKV",-78.147,39.202,17,23.9411490187771,1.40830288345748,"2011-03-08","2020-04-10",-78.1433801632077,0.0934484578623268,39.1596340520295,0.0759066628564974
"BURLINGTON","VT","BTV",-73.148,44.5,17,9.70734835035974,0.571020491197632,"2011-10-01","2020-12-15",-73.1578927612971,0.311142615331614,44.4887761779615,0.183624237658404
"EVERETT","WA","NLN",-122.189,47.84,52,11.3777363583323,0.218802622275621,"2011-07-02","2021-01-28",-122.293131946259,0.245450268903318,47.9076046006722,0.147991524624494
"MOSES LAKE","WA","MWH",-119.337,47.18,17,9.11282370208047,0.536048453063557,"2015-08-04","2021-01-21",-119.323747699322,0.187157335432356,47.1888329631247,0.186094576799806
"OAK HARBOR","WA","NUW",-122.559,48.32,9,12.7044747425826,1.4116083047314,"2011-10-09","2020-09-01",-122.65532728579,0.32165021609354,48.2957893243064,0.168917660699344
"OLYMPIA","WA","OLM",-122.903,46.677,21,4.76913150703642,0.227101500335068,"2012-07-05","2020-11-07",-122.769410386139,0.136459613115038,46.8315944515759,0.189493368766641
"PASCO","WA","PSC",-119.164,46.219,41,12.6659464082693,0.308925522152909,"2011-02-23","2021-01-05",-119.176235637189,0.204700514591041,46.2220614829789,0.128838856100871
"SEATTLE","WA","SEA",-122.272,47.39,540,3.99363644674906,0.0073956230495353,"2011-01-14","2021-01-27",-122.302348005655,0.222422814285656,47.4522073836144,0.224700357268239
"SPOKANE","WA","GEG",-117.516,47.712,113,12.2784043252591,0.108658445356275,"2011-02-16","2021-01-17",-117.416996310913,0.276482324234977,47.7003861140256,0.112208921952456
"TACOMA","WA","TCM",-122.464,47.204,27,67.0745762856272,2.48424356613434,"2011-04-29","2020-12-26",-122.443845408423,0.0760855758760425,47.1736861046657,0.0948349099853842
"WALLA WALLA","WA","",-118.357,46.027,15,14.2328553996993,0.948857026646618,"2012-09-12","2021-01-03",-118.258714118478,0.174290649534708,46.0638003758919,0.126034508644295
"WENATCHEE","WA","EAT",-120.474,47.326,17,5.89148355136758,0.346557855962799,"2011-07-10","2019-05-10",-120.365077476031,0.285829967674104,47.4117389590716,0.217379401191379
"YAKIMA","WA","YKM",-120.615,46.614,30,8.65431551161872,0.288477183720624,"2011-01-07","2020-10-02",-120.490509583313,0.265791793946933,46.5624286706129,0.120846908443533
"APPLETON","WI","ATW",-88.513,44.069,10,25.6204506080594,2.56204506080594,"2011-09-13","2019-09-18",-88.5576107824434,0.192751762416428,44.2289938785457,0.161515450317254
"GREEN BAY","WI","GRB",-87.989,44.533,28,9.5573471654348,0.341333827336957,"2011-06-05","2020-10-08",-88.0587104366811,0.224764705414264,44.4650424878625,0.173343904406617
"JANESVILLE","WI","JVL",-88.921,42.479,15,8.31139003496807,0.554092668997872,"2011-08-25","2018-08-07",-88.9743965386063,0.185490840849225,42.5829495118701,0.139171465018219
"MADISON","WI","MSN",-89.349,43.091,25,25.010625382968,1.00042501531872,"2011-08-29","2021-01-12",-89.3523199191816,0.244407328288469,43.1191511967711,0.184955415619332
"MILWAUKEE","WI","MKE",-87.978,42.995,107,15.7037356411143,0.146763884496395,"2011-04-05","2020-11-09",-87.9396761982977,0.15001382286706,42.9666693366252,0.140658757672998
"CHARLESTON","WV","CRW",-81.519,38.345,21,6.82315608344028,0.324912194449537,"2011-08-27","2021-01-10",-81.6506992848908,0.193908434451675,38.3302856754591,0.186402871682161
"MARTINSBURG","WV","MRB",-77.941,39.397,28,7.83746853229889,0.279909590439246,"2011-03-14","2020-12-16",-78.0238951346539,0.271687218373779,39.4219675306823,0.269305147441527
"PARKERSBURG","WV","PKB",-81.589,39.279,9,5.74926843192904,0.638807603547671,"2011-08-28","2021-01-20",-81.4936116542282,0.188592672085941,39.3196500996216,0.104788286114931
